Naam,Instrument,Nummers
Jolien,Zang,"The Beatles - Hey Jude; The Beatles - Let It Be; The Beatles - Come Together; The Beatles - Get Back; The Rolling Stones - (I Can't Get No) Satisfaction; The Rolling Stones - Brown Sugar; The Rolling Stones - Sympathy for the Devil; The Rolling Stones - Honky Tonk Women; The Animals - The House of the Rising Sun; The Beach Boys - Surfin' U.S.A.; CCR - Bad Moon Rising; CCR - Fortunate Son; Lynyrd Skynyrd - Free Bird; Eagles - Hotel California; Eagles - Life in the Fast Lane; Fleetwood Mac - Don't Stop; Tom Petty - Free Fallin'; Doobie Brothers - Long Train Runnin'; Elvis Presley - Jailhouse Rock; Elvis Presley - Hound Dog; Aretha Franklin - (You Make Me Feel Like) A Natural Woman; Tina Turner - Proud Mary; Tina Turner - What's Love Got to Do with It; Tina Turner - The Best; Tina Turner - Nutbush City Limits; Stevie Wonder - Sir Duke; Stevie Wonder - Signed, Sealed, Delivered; Otis Redding - (Sittin' On) The Dock of the Bay; Bill Withers - Ain't No Sunshine; Al Green - Let's Stay Together; James Brown - Papa's Got a Brand New Bag; Janis Joplin - Piece of My Heart; Heart - Barracuda; Blondie - One Way or Another; Alanis Morissette - You Oughta Know; Shania Twain - Man! I Feel Like a Woman!; Cyndi Lauper - Girls Just Want to Have Fun; Cyndi Lauper - Time After Time; Joan Jett & The Blackhearts - I Love Rock 'n Roll; Dolly Parton - Jolene; Led Zeppelin - Stairway to Heaven; Led Zeppelin - Whole Lotta Love; Led Zeppelin - Rock and Roll; Led Zeppelin - Immigrant Song; AC/DC - Highway to Hell; AC/DC - Back in Black; Guns N' Roses - Sweet Child O' Mine; Guns N' Roses - Paradise City; Deep Purple - Smoke on the Water; Deep Purple - Highway Star; Bon Jovi - It's My Life; Bruce Springsteen - Born to Run; Bruce Springsteen - Dancing in the Dark; The Police - Every Breath You Take; The Police - Message in a Bottle; U2 - With or Without You; U2 - Beautiful Day; Oasis - Don't Look Back in Anger; Nirvana - Smells Like Teen Spirit; Nirvana - Come As You Are; Red Hot Chili Peppers - Under the Bridge; Red Hot Chili Peppers - Give It Away; The Black Keys - Lonely Boy; Lenny Kravitz - Are You Gonna Go My Way; Lenny Kravitz - Fly Away"
Cedric,Gitaar,"The Beatles - Hey Jude; The Beatles - Let It Be; The Beatles - Come Together; The Beatles - Get Back; The Rolling Stones - (I Can't Get No) Satisfaction; The Rolling Stones - Brown Sugar; The Rolling Stones - Sympathy for the Devil; The Rolling Stones - Honky Tonk Women; The Animals - The House of the Rising Sun; The Beach Boys - Surfin' U.S.A.; CCR - Bad Moon Rising; CCR - Fortunate Son; Lynyrd Skynyrd - Free Bird; Eagles - Hotel California; Eagles - Life in the Fast Lane; Fleetwood Mac - Don't Stop; Tom Petty - Free Fallin'; Doobie Brothers - Long Train Runnin'; Elvis Presley - Jailhouse Rock; Elvis Presley - Hound Dog; Aretha Franklin - (You Make Me Feel Like) A Natural Woman; Tina Turner - Proud Mary; Tina Turner - What's Love Got to Do with It; Tina Turner - The Best; Tina Turner - Nutbush City Limits; Stevie Wonder - Sir Duke; Stevie Wonder - Signed, Sealed, Delivered; Otis Redding - (Sittin' On) The Dock of the Bay; Bill Withers - Ain't No Sunshine; Al Green - Let's Stay Together; James Brown - Papa's Got a Brand New Bag; Janis Joplin - Piece of My Heart; Heart - Barracuda; Blondie - One Way or Another; Alanis Morissette - You Oughta Know; Shania Twain - Man! I Feel Like a Woman!; Cyndi Lauper - Girls Just Want to Have Fun; Cyndi Lauper - Time After Time; Joan Jett & The Blackhearts - I Love Rock 'n Roll; Dolly Parton - Jolene; Led Zeppelin - Stairway to Heaven; Led Zeppelin - Whole Lotta Love; Led Zeppelin - Rock and Roll; Led Zeppelin - Immigrant Song; AC/DC - Highway to Hell; AC/DC - Back in Black; Guns N' Roses - Sweet Child O' Mine; Guns N' Roses - Paradise City; Deep Purple - Smoke on the Water; Deep Purple - Highway Star; Bon Jovi - It's My Life; Bruce Springsteen - Born to Run; Bruce Springsteen - Dancing in the Dark; The Police - Every Breath You Take; The Police - Message in a Bottle; U2 - With or Without You; U2 - Beautiful Day; Oasis - Don't Look Back in Anger; Nirvana - Smells Like Teen Spirit; Nirvana - Come As You Are; Red Hot Chili Peppers - Under the Bridge; Red Hot Chili Peppers - Give It Away; The Black Keys - Lonely Boy; Lenny Kravitz - Are You Gonna Go My Way; Lenny Kravitz - Fly Away"
Marc,Gitaar,"The Beatles - Hey Jude; The Beatles - Let It Be; The Beatles - Come Together; The Beatles - Get Back; The Rolling Stones - (I Can't Get No) Satisfaction; The Rolling Stones - Brown Sugar; The Rolling Stones - Sympathy for the Devil; The Rolling Stones - Honky Tonk Women; The Animals - The House of the Rising Sun; The Beach Boys - Surfin' U.S.A.; CCR - Bad Moon Rising; CCR - Fortunate Son; Lynyrd Skynyrd - Free Bird; Eagles - Hotel California; Eagles - Life in the Fast Lane; Fleetwood Mac - Don't Stop; Tom Petty - Free Fallin'; Doobie Brothers - Long Train Runnin'; Elvis Presley - Jailhouse Rock; Elvis Presley - Hound Dog; Aretha Franklin - (You Make Me Feel Like) A Natural Woman; Tina Turner - Proud Mary; Tina Turner - What's Love Got to Do with It; Tina Turner - The Best; Tina Turner - Nutbush City Limits; Stevie Wonder - Sir Duke; Stevie Wonder - Signed, Sealed, Delivered; Otis Redding - (Sittin' On) The Dock of the Bay; Bill Withers - Ain't No Sunshine; Al Green - Let's Stay Together; James Brown - Papa's Got a Brand New Bag; Janis Joplin - Piece of My Heart; Heart - Barracuda; Blondie - One Way or Another; Alanis Morissette - You Oughta Know; Shania Twain - Man! I Feel Like a Woman!; Cyndi Lauper - Girls Just Want to Have Fun; Cyndi Lauper - Time After Time; Joan Jett & The Blackhearts - I Love Rock 'n Roll; Dolly Parton - Jolene; Led Zeppelin - Stairway to Heaven; Led Zeppelin - Whole Lotta Love; Led Zeppelin - Rock and Roll; Led Zeppelin - Immigrant Song; AC/DC - Highway to Hell; AC/DC - Back in Black; Guns N' Roses - Sweet Child O' Mine; Guns N' Roses - Paradise City; Deep Purple - Smoke on the Water; Deep Purple - Highway Star; Bon Jovi - It's My Life; Bruce Springsteen - Born to Run; Bruce Springsteen - Dancing in the Dark; The Police - Every Breath You Take; The Police - Message in a Bottle; U2 - With or Without You; U2 - Beautiful Day; Oasis - Don't Look Back in Anger; Nirvana - Smells Like Teen Spirit; Nirvana - Come As You Are; Red Hot Chili Peppers - Under the Bridge; Red Hot Chili Peppers - Give It Away; The Black Keys - Lonely Boy; Lenny Kravitz - Are You Gonna Go My Way; Lenny Kravitz - Fly Away"
Alessio,Drumstel,"The Beatles - Hey Jude; The Beatles - Let It Be; The Beatles - Come Together; The Beatles - Get Back; The Rolling Stones - (I Can't Get No) Satisfaction; The Rolling Stones - Brown Sugar; The Rolling Stones - Sympathy for the Devil; The Rolling Stones - Honky Tonk Women; The Animals - The House of the Rising Sun; The Beach Boys - Surfin' U.S.A.; CCR - Bad Moon Rising; CCR - Fortunate Son; Lynyrd Skynyrd - Free Bird; Eagles - Hotel California; Eagles - Life in the Fast Lane; Fleetwood Mac - Don't Stop; Tom Petty - Free Fallin'; Doobie Brothers - Long Train Runnin'; Elvis Presley - Jailhouse Rock; Elvis Presley - Hound Dog; Aretha Franklin - (You Make Me Feel Like) A Natural Woman; Tina Turner - Proud Mary; Tina Turner - What's Love Got to Do with It; Tina Turner - The Best; Tina Turner - Nutbush City Limits; Stevie Wonder - Sir Duke; Stevie Wonder - Signed, Sealed, Delivered; Otis Redding - (Sittin' On) The Dock of the Bay; Bill Withers - Ain't No Sunshine; Al Green - Let's Stay Together; James Brown - Papa's Got a Brand New Bag; Janis Joplin - Piece of My Heart; Heart - Barracuda; Blondie - One Way or Another; Alanis Morissette - You Oughta Know; Shania Twain - Man! I Feel Like a Woman!; Cyndi Lauper - Girls Just Want to Have Fun; Cyndi Lauper - Time After Time; Joan Jett & The Blackhearts - I Love Rock 'n Roll; Dolly Parton - Jolene; Led Zeppelin - Stairway to Heaven; Led Zeppelin - Whole Lotta Love; Led Zeppelin - Rock and Roll; Led Zeppelin - Immigrant Song; AC/DC - Highway to Hell; AC/DC - Back in Black; Guns N' Roses - Sweet Child O' Mine; Guns N' Roses - Paradise City; Deep Purple - Smoke on the Water; Deep Purple - Highway Star; Bon Jovi - It's My Life; Bruce Springsteen - Born to Run; Bruce Springsteen - Dancing in the Dark; The Police - Every Breath You Take; The Police - Message in a Bottle; U2 - With or Without You; U2 - Beautiful Day; Oasis - Don't Look Back in Anger; Nirvana - Smells Like Teen Spirit; Nirvana - Come As You Are; Red Hot Chili Peppers - Under the Bridge; Red Hot Chili Peppers - Give It Away; The Black Keys - Lonely Boy; Lenny Kravitz - Are You Gonna Go My Way; Lenny Kravitz - Fly Away"
Nico,Drumstel,"The Beatles - Hey Jude; The Beatles - Let It Be; The Beatles - Come Together; The Beatles - Get Back; The Rolling Stones - (I Can't Get No) Satisfaction; The Rolling Stones - Brown Sugar; The Rolling Stones - Sympathy for the Devil; The Rolling Stones - Honky Tonk Women; The Animals - The House of the Rising Sun; The Beach Boys - Surfin' U.S.A.; CCR - Bad Moon Rising; CCR - Fortunate Son; Lynyrd Skynyrd - Free Bird; Eagles - Hotel California; Eagles - Life in the Fast Lane; Fleetwood Mac - Don't Stop; Tom Petty - Free Fallin'; Doobie Brothers - Long Train Runnin'; Elvis Presley - Jailhouse Rock; Elvis Presley - Hound Dog; Aretha Franklin - (You Make Me Feel Like) A Natural Woman; Tina Turner - Proud Mary; Tina Turner - What's Love Got to Do with It; Tina Turner - The Best; Tina Turner - Nutbush City Limits; Stevie Wonder - Sir Duke; Stevie Wonder - Signed, Sealed, Delivered; Otis Redding - (Sittin' On) The Dock of the Bay; Bill Withers - Ain't No Sunshine; Al Green - Let's Stay Together; James Brown - Papa's Got a Brand New Bag; Janis Joplin - Piece of My Heart; Heart - Barracuda; Blondie - One Way or Another; Alanis Morissette - You Oughta Know; Shania Twain - Man! I Feel Like a Woman!; Cyndi Lauper - Girls Just Want to Have Fun; Cyndi Lauper - Time After Time; Joan Jett & The Blackhearts - I Love Rock 'n Roll; Dolly Parton - Jolene; Led Zeppelin - Stairway to Heaven; Led Zeppelin - Whole Lotta Love; Led Zeppelin - Rock and Roll; Led Zeppelin - Immigrant Song; AC/DC - Highway to Hell; AC/DC - Back in Black; Guns N' Roses - Sweet Child O' Mine; Guns N' Roses - Paradise City; Deep Purple - Smoke on the Water; Deep Purple - Highway Star; Bon Jovi - It's My Life; Bruce Springsteen - Born to Run; Bruce Springsteen - Dancing in the Dark; The Police - Every Breath You Take; The Police - Message in a Bottle; U2 - With or Without You; U2 - Beautiful Day; Oasis - Don't Look Back in Anger; Nirvana - Smells Like Teen Spirit; Nirvana - Come As You Are; Red Hot Chili Peppers - Under the Bridge; Red Hot Chili Peppers - Give It Away; The Black Keys - Lonely Boy; Lenny Kravitz - Are You Gonna Go My Way; Lenny Kravitz - Fly Away"
Bear,Drumstel,"The Beatles - Hey Jude; The Beatles - Let It Be; The Beatles - Come Together; The Beatles - Get Back; The Rolling Stones - (I Can't Get No) Satisfaction; The Rolling Stones - Brown Sugar; The Rolling Stones - Sympathy for the Devil; The Rolling Stones - Honky Tonk Women; The Animals - The House of the Rising Sun; The Beach Boys - Surfin' U.S.A.; CCR - Bad Moon Rising; CCR - Fortunate Son; Lynyrd Skynyrd - Free Bird; Eagles - Hotel California; Eagles - Life in the Fast Lane; Fleetwood Mac - Don't Stop; Tom Petty - Free Fallin'; Doobie Brothers - Long Train Runnin'; Elvis Presley - Jailhouse Rock; Elvis Presley - Hound Dog; Aretha Franklin - (You Make Me Feel Like) A Natural Woman; Tina Turner - Proud Mary; Tina Turner - What's Love Got to Do with It; Tina Turner - The Best; Tina Turner - Nutbush City Limits; Stevie Wonder - Sir Duke; Stevie Wonder - Signed, Sealed, Delivered; Otis Redding - (Sittin' On) The Dock of the Bay; Bill Withers - Ain't No Sunshine; Al Green - Let's Stay Together; James Brown - Papa's Got a Brand New Bag; Janis Joplin - Piece of My Heart; Heart - Barracuda; Blondie - One Way or Another; Alanis Morissette - You Oughta Know; Shania Twain - Man! I Feel Like a Woman!; Cyndi Lauper - Girls Just Want to Have Fun; Cyndi Lauper - Time After Time; Joan Jett & The Blackhearts - I Love Rock 'n Roll; Dolly Parton - Jolene; Led Zeppelin - Stairway to Heaven; Led Zeppelin - Whole Lotta Love; Led Zeppelin - Rock and Roll; Led Zeppelin - Immigrant Song; AC/DC - Highway to Hell; AC/DC - Back in Black; Guns N' Roses - Sweet Child O' Mine; Guns N' Roses - Paradise City; Deep Purple - Smoke on the Water; Deep Purple - Highway Star; Bon Jovi - It's My Life; Bruce Springsteen - Born to Run; Bruce Springsteen - Dancing in the Dark; The Police - Every Breath You Take; The Police - Message in a Bottle; U2 - With or Without You; U2 - Beautiful Day; Oasis - Don't Look Back in Anger; Nirvana - Smells Like Teen Spirit; Nirvana - Come As You Are; Red Hot Chili Peppers - Under the Bridge; Red Hot Chili Peppers - Give It Away; The Black Keys - Lonely Boy; Lenny Kravitz - Are You Gonna Go My Way; Lenny Kravitz - Fly Away"
Koen,Keyboard,"The Beatles - Hey Jude; The Beatles - Let It Be; The Beatles - Come Together; The Beatles - Get Back; The Rolling Stones - (I Can't Get No) Satisfaction; The Rolling Stones - Brown Sugar; The Rolling Stones - Sympathy for the Devil; The Rolling Stones - Honky Tonk Women; The Animals - The House of the Rising Sun; The Beach Boys - Surfin' U.S.A.; CCR - Bad Moon Rising; CCR - Fortunate Son; Lynyrd Skynyrd - Free Bird; Eagles - Hotel California; Eagles - Life in the Fast Lane; Fleetwood Mac - Don't Stop; Tom Petty - Free Fallin'; Doobie Brothers - Long Train Runnin'; Elvis Presley - Jailhouse Rock; Elvis Presley - Hound Dog; Aretha Franklin - (You Make Me Feel Like) A Natural Woman; Tina Turner - Proud Mary; Tina Turner - What's Love Got to Do with It; Tina Turner - The Best; Tina Turner - Nutbush City Limits; Stevie Wonder - Sir Duke; Stevie Wonder - Signed, Sealed, Delivered; Otis Redding - (Sittin' On) The Dock of the Bay; Bill Withers - Ain't No Sunshine; Al Green - Let's Stay Together; James Brown - Papa's Got a Brand New Bag; Janis Joplin - Piece of My Heart; Heart - Barracuda; Blondie - One Way or Another; Alanis Morissette - You Oughta Know; Shania Twain - Man! I Feel Like a Woman!; Cyndi Lauper - Girls Just Want to Have Fun; Cyndi Lauper - Time After Time; Joan Jett & The Blackhearts - I Love Rock 'n Roll; Dolly Parton - Jolene; Led Zeppelin - Stairway to Heaven; Led Zeppelin - Whole Lotta Love; Led Zeppelin - Rock and Roll; Led Zeppelin - Immigrant Song; AC/DC - Highway to Hell; AC/DC - Back in Black; Guns N' Roses - Sweet Child O' Mine; Guns N' Roses - Paradise City; Deep Purple - Smoke on the Water; Deep Purple - Highway Star; Bon Jovi - It's My Life; Bruce Springsteen - Born to Run; Bruce Springsteen - Dancing in the Dark; The Police - Every Breath You Take; The Police - Message in a Bottle; U2 - With or Without You; U2 - Beautiful Day; Oasis - Don't Look Back in Anger; Nirvana - Smells Like Teen Spirit; Nirvana - Come As You Are; Red Hot Chili Peppers - Under the Bridge; Red Hot Chili Peppers - Give It Away; The Black Keys - Lonely Boy; Lenny Kravitz - Are You Gonna Go My Way; Lenny Kravitz - Fly Away"
Jan Bas,Zang,"The Beatles - Hey Jude; The Beatles - Let It Be; The Beatles - Come Together; The Beatles - Get Back; The Rolling Stones - (I Can't Get No) Satisfaction; The Rolling Stones - Brown Sugar; The Rolling Stones - Sympathy for the Devil; The Rolling Stones - Honky Tonk Women; The Animals - The House of the Rising Sun; The Beach Boys - Surfin' U.S.A.; CCR - Bad Moon Rising; CCR - Fortunate Son; Lynyrd Skynyrd - Free Bird; Eagles - Hotel California; Eagles - Life in the Fast Lane; Fleetwood Mac - Don't Stop; Tom Petty - Free Fallin'; Doobie Brothers - Long Train Runnin'; Elvis Presley - Jailhouse Rock; Elvis Presley - Hound Dog; Aretha Franklin - (You Make Me Feel Like) A Natural Woman; Tina Turner - Proud Mary; Tina Turner - What's Love Got to Do with It; Tina Turner - The Best; Tina Turner - Nutbush City Limits; Stevie Wonder - Sir Duke; Stevie Wonder - Signed, Sealed, Delivered; Otis Redding - (Sittin' On) The Dock of the Bay; Bill Withers - Ain't No Sunshine; Al Green - Let's Stay Together; James Brown - Papa's Got a Brand New Bag; Janis Joplin - Piece of My Heart; Heart - Barracuda; Blondie - One Way or Another; Alanis Morissette - You Oughta Know; Shania Twain - Man! I Feel Like a Woman!; Cyndi Lauper - Girls Just Want to Have Fun; Cyndi Lauper - Time After Time; Joan Jett & The Blackhearts - I Love Rock 'n Roll; Dolly Parton - Jolene; Led Zeppelin - Stairway to Heaven; Led Zeppelin - Whole Lotta Love; Led Zeppelin - Rock and Roll; Led Zeppelin - Immigrant Song; AC/DC - Highway to Hell; AC/DC - Back in Black; Guns N' Roses - Sweet Child O' Mine; Guns N' Roses - Paradise City; Deep Purple - Smoke on the Water; Deep Purple - Highway Star; Bon Jovi - It's My Life; Bruce Springsteen - Born to Run; Bruce Springsteen - Dancing in the Dark; The Police - Every Breath You Take; The Police - Message in a Bottle; U2 - With or Without You; U2 - Beautiful Day; Oasis - Don't Look Back in Anger; Nirvana - Smells Like Teen Spirit; Nirvana - Come As You Are; Red Hot Chili Peppers - Under the Bridge; Red Hot Chili Peppers - Give It Away; The Black Keys - Lonely Boy; Lenny Kravitz - Are You Gonna Go My Way; Lenny Kravitz - Fly Away"
Kevin,Basgitaar,"The Beatles - Hey Jude; The Beatles - Let It Be; The Beatles - Come Together; The Beatles - Twist and Shout; The Beatles - Get Back; The Beatles - Something; The Rolling Stones - (I Can't Get No) Satisfaction; The Rolling Stones - Paint It Black; The Rolling Stones - Brown Sugar; The Rolling Stones - Start Me Up; The Kinks - You Really Got Me; The Kinks - Lola; The Beach Boys - Surfin' U.S.A.; CCR - Proud Mary; CCR - Bad Moon Rising; CCR - Fortunate Son; CCR - Have You Ever Seen the Rain; CCR - Born on the Bayou; Lynyrd Skynyrd - Free Bird; ZZ Top - La Grange; ZZ Top - Sharp Dressed Man; Eagles - Lyin' Eyes; Eagles - Desperado; Fleetwood Mac - Go Your Own Way; Fleetwood Mac - Dreams; Fleetwood Mac - The Chain; Fleetwood Mac - Don't Stop; Tom Petty - American Girl; Tom Petty - Into the Great Wide Open; Doobie Brothers - Long Train Runnin'; Doobie Brothers - Listen to the Music; Elvis Presley - Jailhouse Rock; Elvis Presley - Hound Dog; Elvis Presley - Blue Suede Shoes; Elvis Presley - Can't Help Falling in Love; Johnny Cash - Folsom Prison Blues; Aretha Franklin - (You Make Me Feel Like) A Natural Woman; Tina Turner - Proud Mary; Tina Turner - What's Love Got to Do with It; Tina Turner - The Best; Stevie Wonder - Signed, Sealed, Delivered; Stevie Wonder - Isn't She Lovely; Marvin Gaye - I Heard It Through the Grapevine; Otis Redding - Hard to Handle; Bill Withers - Ain't No Sunshine; Bill Withers - Lovely Day; James Brown - I Got You (I Feel Good); James Brown - Papa's Got a Brand New Bag; Jackson 5 - I Want You Back; Jackson 5 - ABC; Chic - Le Freak; The Pointer Sisters - I'm So Excited; Janis Joplin - Piece of My Heart; Janis Joplin - Me and Bobby McGee; Blondie - Call Me; Blondie - Heart of Glass; Amy Winehouse - Rehab; Amy Winehouse - Back to Black; Alanis Morissette - Ironic; Cyndi Lauper - Time After Time; Madonna - Like a Prayer; Adele - Set Fire to the Rain; Cher - Believe; Joan Jett & The Blackhearts - I Love Rock 'n Roll; The Pretenders - Brass in Pocket; No Doubt - Just A Girl; Dolly Parton - Jolene; Queen - We Will Rock You; Queen - Another One Bites the Dust; Queen - Don't Stop Me Now; Led Zeppelin - Rock and Roll; Led Zeppelin - Immigrant Song; AC/DC - Highway to Hell; AC/DC - Back in Black; AC/DC - You Shook Me All Night Long; Guns N' Roses - Sweet Child O' Mine; Guns N' Roses - Paradise City; Deep Purple - Smoke on the Water; Eric Clapton - Layla; Eric Clapton - Wonderful Tonight; Eric Clapton - Cocaine; Bryan Adams - Summer of '69; Bryan Adams - Run to You; Bruce Springsteen - Born to Run; David Bowie - Let's Dance; David Bowie - Rebel Rebel; Elton John - Rocket Man; Elton John - I'm Still Standing; Billy Joel - We Didn't Start the Fire; Prince - Purple Rain; Michael Jackson - Beat It; The Police - Every Breath You Take; R.E.M. - Losing My Religion; R.E.M. - Man on the Moon; Red Hot Chili Peppers - Californication; Red Hot Chili Peppers - Under the Bridge; Red Hot Chili Peppers - Give It Away; The White Stripes - Seven Nation Army; The Black Keys - Lonely Boy; Lenny Kravitz - Are You Gonna Go My Way; Bob Marley - Is This Love; Bob Marley - Three Little Birds"
Sean,Basgitaar,"The Beatles - Hey Jude; The Beatles - Let It Be; The Beatles - Come Together; The Beatles - Twist and Shout; The Beatles - Get Back; The Beatles - Something; The Rolling Stones - (I Can't Get No) Satisfaction; The Rolling Stones - Paint It Black; The Rolling Stones - Brown Sugar; The Rolling Stones - Start Me Up; The Kinks - You Really Got Me; The Kinks - Lola; The Beach Boys - Surfin' U.S.A.; CCR - Proud Mary; CCR - Bad Moon Rising; CCR - Fortunate Son; CCR - Have You Ever Seen the Rain; CCR - Born on the Bayou; Lynyrd Skynyrd - Free Bird; ZZ Top - La Grange; ZZ Top - Sharp Dressed Man; Eagles - Lyin' Eyes; Eagles - Desperado; Fleetwood Mac - Go Your Own Way; Fleetwood Mac - Dreams; Fleetwood Mac - The Chain; Fleetwood Mac - Don't Stop; Tom Petty - American Girl; Tom Petty - Into the Great Wide Open; Doobie Brothers - Long Train Runnin'; Doobie Brothers - Listen to the Music; Elvis Presley - Jailhouse Rock; Elvis Presley - Hound Dog; Elvis Presley - Blue Suede Shoes; Elvis Presley - Can't Help Falling in Love; Johnny Cash - Folsom Prison Blues; Aretha Franklin - (You Make Me Feel Like) A Natural Woman; Tina Turner - Proud Mary; Tina Turner - What's Love Got to Do with It; Tina Turner - The Best; Stevie Wonder - Signed, Sealed, Delivered; Stevie Wonder - Isn't She Lovely; Marvin Gaye - I Heard It Through the Grapevine; Otis Redding - Hard to Handle; Bill Withers - Ain't No Sunshine; Bill Withers - Lovely Day; James Brown - I Got You (I Feel Good); James Brown - Papa's Got a Brand New Bag; Jackson 5 - I Want You Back; Jackson 5 - ABC; Chic - Le Freak; The Pointer Sisters - I'm So Excited; Janis Joplin - Piece of My Heart; Janis Joplin - Me and Bobby McGee; Blondie - Call Me; Blondie - Heart of Glass; Amy Winehouse - Rehab; Amy Winehouse - Back to Black; Alanis Morissette - Ironic; Cyndi Lauper - Time After Time; Madonna - Like a Prayer; Adele - Set Fire to the Rain; Cher - Believe; Joan Jett & The Blackhearts - I Love Rock 'n Roll; The Pretenders - Brass in Pocket; No Doubt - Just A Girl; Dolly Parton - Jolene; Queen - We Will Rock You; Queen - Another One Bites the Dust; Queen - Don't Stop Me Now; Led Zeppelin - Rock and Roll; Led Zeppelin - Immigrant Song; AC/DC - Highway to Hell; AC/DC - Back in Black; AC/DC - You Shook Me All Night Long; Guns N' Roses - Sweet Child O' Mine; Guns N' Roses - Paradise City; Deep Purple - Smoke on the Water; Eric Clapton - Layla; Eric Clapton - Wonderful Tonight; Eric Clapton - Cocaine; Bryan Adams - Summer of '69; Bryan Adams - Run to You; Bruce Springsteen - Born to Run; David Bowie - Let's Dance; David Bowie - Rebel Rebel; Elton John - Rocket Man; Elton John - I'm Still Standing; Billy Joel - We Didn't Start the Fire; Prince - Purple Rain; Michael Jackson - Beat It; The Police - Every Breath You Take; R.E.M. - Losing My Religion; R.E.M. - Man on the Moon; Red Hot Chili Peppers - Californication; Red Hot Chili Peppers - Under the Bridge; Red Hot Chili Peppers - Give It Away; The White Stripes - Seven Nation Army; The Black Keys - Lonely Boy; Lenny Kravitz - Are You Gonna Go My Way; Bob Marley - Is This Love; Bob Marley - Three Little Birds"
Marc Thijs,Basgitaar,"The Beatles - Hey Jude; The Beatles - Let It Be; The Beatles - Come Together; The Beatles - Twist and Shout; The Beatles - Get Back; The Beatles - Something; The Rolling Stones - (I Can't Get No) Satisfaction; The Rolling Stones - Paint It Black; The Rolling Stones - Brown Sugar; The Rolling Stones - Start Me Up; The Kinks - You Really Got Me; The Kinks - Lola; The Beach Boys - Surfin' U.S.A.; CCR - Proud Mary; CCR - Bad Moon Rising; CCR - Fortunate Son; CCR - Have You Ever Seen the Rain; CCR - Born on the Bayou; Lynyrd Skynyrd - Free Bird; ZZ Top - La Grange; ZZ Top - Sharp Dressed Man; Eagles - Lyin' Eyes; Eagles - Desperado; Fleetwood Mac - Go Your Own Way; Fleetwood Mac - Dreams; Fleetwood Mac - The Chain; Fleetwood Mac - Don't Stop; Tom Petty - American Girl; Tom Petty - Into the Great Wide Open; Doobie Brothers - Long Train Runnin'; Doobie Brothers - Listen to the Music; Elvis Presley - Jailhouse Rock; Elvis Presley - Hound Dog; Elvis Presley - Blue Suede Shoes; Elvis Presley - Can't Help Falling in Love; Johnny Cash - Folsom Prison Blues; Aretha Franklin - (You Make Me Feel Like) A Natural Woman; Tina Turner - Proud Mary; Tina Turner - What's Love Got to Do with It; Tina Turner - The Best; Stevie Wonder - Signed, Sealed, Delivered; Stevie Wonder - Isn't She Lovely; Marvin Gaye - I Heard It Through the Grapevine; Otis Redding - Hard to Handle; Bill Withers - Ain't No Sunshine; Bill Withers - Lovely Day; James Brown - I Got You (I Feel Good); James Brown - Papa's Got a Brand New Bag; Jackson 5 - I Want You Back; Jackson 5 - ABC; Chic - Le Freak; The Pointer Sisters - I'm So Excited; Janis Joplin - Piece of My Heart; Janis Joplin - Me and Bobby McGee; Blondie - Call Me; Blondie - Heart of Glass; Amy Winehouse - Rehab; Amy Winehouse - Back to Black; Alanis Morissette - Ironic; Cyndi Lauper - Time After Time; Madonna - Like a Prayer; Adele - Set Fire to the Rain; Cher - Believe; Joan Jett & The Blackhearts - I Love Rock 'n Roll; The Pretenders - Brass in Pocket; No Doubt - Just A Girl; Dolly Parton - Jolene; Queen - We Will Rock You; Queen - Another One Bites the Dust; Queen - Don't Stop Me Now; Led Zeppelin - Rock and Roll; Led Zeppelin - Immigrant Song; AC/DC - Highway to Hell; AC/DC - Back in Black; AC/DC - You Shook Me All Night Long; Guns N' Roses - Sweet Child O' Mine; Guns N' Roses - Paradise City; Deep Purple - Smoke on the Water; Eric Clapton - Layla; Eric Clapton - Wonderful Tonight; Eric Clapton - Cocaine; Bryan Adams - Summer of '69; Bryan Adams - Run to You; Bruce Springsteen - Born to Run; David Bowie - Let's Dance; David Bowie - Rebel Rebel; Elton John - Rocket Man; Elton John - I'm Still Standing; Billy Joel - We Didn't Start the Fire; Prince - Purple Rain; Michael Jackson - Beat It; The Police - Every Breath You Take; R.E.M. - Losing My Religion; R.E.M. - Man on the Moon; Red Hot Chili Peppers - Californication; Red Hot Chili Peppers - Under the Bridge; Red Hot Chili Peppers - Give It Away; The White Stripes - Seven Nation Army; The Black Keys - Lonely Boy; Lenny Kravitz - Are You Gonna Go My Way; Bob Marley - Is This Love; Bob Marley - Three Little Birds"
Jan Straetemans,Zang,"The Beatles - Hey Jude; The Beatles - Let It Be; The Beatles - Come Together; The Beatles - Twist and Shout; The Beatles - Get Back; The Beatles - Something; The Rolling Stones - (I Can't Get No) Satisfaction; The Rolling Stones - Paint It Black; The Rolling Stones - Brown Sugar; The Rolling Stones - Start Me Up; The Kinks - You Really Got Me; The Kinks - Lola; The Beach Boys - Surfin' U.S.A.; CCR - Proud Mary; CCR - Bad Moon Rising; CCR - Fortunate Son; CCR - Have You Ever Seen the Rain; CCR - Born on the Bayou; Lynyrd Skynyrd - Free Bird; ZZ Top - La Grange; ZZ Top - Sharp Dressed Man; Eagles - Lyin' Eyes; Eagles - Desperado; Fleetwood Mac - Go Your Own Way; Fleetwood Mac - Dreams; Fleetwood Mac - The Chain; Fleetwood Mac - Don't Stop; Tom Petty - American Girl; Tom Petty - Into the Great Wide Open; Doobie Brothers - Long Train Runnin'; Doobie Brothers - Listen to the Music; Elvis Presley - Jailhouse Rock; Elvis Presley - Hound Dog; Elvis Presley - Blue Suede Shoes; Elvis Presley - Can't Help Falling in Love; Johnny Cash - Folsom Prison Blues; Aretha Franklin - (You Make Me Feel Like) A Natural Woman; Tina Turner - Proud Mary; Tina Turner - What's Love Got to Do with It; Tina Turner - The Best; Stevie Wonder - Signed, Sealed, Delivered; Stevie Wonder - Isn't She Lovely; Marvin Gaye - I Heard It Through the Grapevine; Otis Redding - Hard to Handle; Bill Withers - Ain't No Sunshine; Bill Withers - Lovely Day; James Brown - I Got You (I Feel Good); James Brown - Papa's Got a Brand New Bag; Jackson 5 - I Want You Back; Jackson 5 - ABC; Chic - Le Freak; The Pointer Sisters - I'm So Excited; Janis Joplin - Piece of My Heart; Janis Joplin - Me and Bobby McGee; Blondie - Call Me; Blondie - Heart of Glass; Amy Winehouse - Rehab; Amy Winehouse - Back to Black; Alanis Morissette - Ironic; Cyndi Lauper - Time After Time; Madonna - Like a Prayer; Adele - Set Fire to the Rain; Cher - Believe; Joan Jett & The Blackhearts - I Love Rock 'n Roll; The Pretenders - Brass in Pocket; No Doubt - Just A Girl; Dolly Parton - Jolene; Queen - We Will Rock You; Queen - Another One Bites the Dust; Queen - Don't Stop Me Now; Led Zeppelin - Rock and Roll; Led Zeppelin - Immigrant Song; AC/DC - Highway to Hell; AC/DC - Back in Black; AC/DC - You Shook Me All Night Long; Guns N' Roses - Sweet Child O' Mine; Guns N' Roses - Paradise City; Deep Purple - Smoke on the Water; Eric Clapton - Layla; Eric Clapton - Wonderful Tonight; Eric Clapton - Cocaine; Bryan Adams - Summer of '69; Bryan Adams - Run to You; Bruce Springsteen - Born to Run; David Bowie - Let's Dance; David Bowie - Rebel Rebel; Elton John - Rocket Man; Elton John - I'm Still Standing; Billy Joel - We Didn't Start the Fire; Prince - Purple Rain; Michael Jackson - Beat It; The Police - Every Breath You Take; R.E.M. - Losing My Religion; R.E.M. - Man on the Moon; Red Hot Chili Peppers - Californication; Red Hot Chili Peppers - Under the Bridge; Red Hot Chili Peppers - Give It Away; The White Stripes - Seven Nation Army; The Black Keys - Lonely Boy; Lenny Kravitz - Are You Gonna Go My Way; Bob Marley - Is This Love; Bob Marley - Three Little Birds"
Joey Sweeck,Basgitaar,"The Beatles - Hey Jude; The Beatles - Let It Be; The Beatles - Come Together; The Beatles - Twist and Shout; The Beatles - Get Back; The Beatles - Something; The Rolling Stones - (I Can't Get No) Satisfaction; The Rolling Stones - Paint It Black; The Rolling Stones - Brown Sugar; The Rolling Stones - Start Me Up; The Kinks - You Really Got Me; The Kinks - Lola; The Beach Boys - Surfin' U.S.A.; CCR - Proud Mary; CCR - Bad Moon Rising; CCR - Fortunate Son; CCR - Have You Ever Seen the Rain; CCR - Born on the Bayou; Lynyrd Skynyrd - Free Bird; ZZ Top - La Grange; ZZ Top - Sharp Dressed Man; Eagles - Lyin' Eyes; Eagles - Desperado; Fleetwood Mac - Go Your Own Way; Fleetwood Mac - Dreams; Fleetwood Mac - The Chain; Fleetwood Mac - Don't Stop; Tom Petty - American Girl; Tom Petty - Into the Great Wide Open; Doobie Brothers - Long Train Runnin'; Doobie Brothers - Listen to the Music; Elvis Presley - Jailhouse Rock; Elvis Presley - Hound Dog; Elvis Presley - Blue Suede Shoes; Elvis Presley - Can't Help Falling in Love; Johnny Cash - Folsom Prison Blues; Aretha Franklin - (You Make Me Feel Like) A Natural Woman; Tina Turner - Proud Mary; Tina Turner - What's Love Got to Do with It; Tina Turner - The Best; Stevie Wonder - Signed, Sealed, Delivered; Stevie Wonder - Isn't She Lovely; Marvin Gaye - I Heard It Through the Grapevine; Otis Redding - Hard to Handle; Bill Withers - Ain't No Sunshine; Bill Withers - Lovely Day; James Brown - I Got You (I Feel Good); James Brown - Papa's Got a Brand New Bag; Jackson 5 - I Want You Back; Jackson 5 - ABC; Chic - Le Freak; The Pointer Sisters - I'm So Excited; Janis Joplin - Piece of My Heart; Janis Joplin - Me and Bobby McGee; Blondie - Call Me; Blondie - Heart of Glass; Amy Winehouse - Rehab; Amy Winehouse - Back to Black; Alanis Morissette - Ironic; Cyndi Lauper - Time After Time; Madonna - Like a Prayer; Adele - Set Fire to the Rain; Cher - Believe; Joan Jett & The Blackhearts - I Love Rock 'n Roll; The Pretenders - Brass in Pocket; No Doubt - Just A Girl; Dolly Parton - Jolene; Queen - We Will Rock You; Queen - Another One Bites the Dust; Queen - Don't Stop Me Now; Led Zeppelin - Rock and Roll; Led Zeppelin - Immigrant Song; AC/DC - Highway to Hell; AC/DC - Back in Black; AC/DC - You Shook Me All Night Long; Guns N' Roses - Sweet Child O' Mine; Guns N' Roses - Paradise City; Deep Purple - Smoke on the Water; Eric Clapton - Layla; Eric Clapton - Wonderful Tonight; Eric Clapton - Cocaine; Bryan Adams - Summer of '69; Bryan Adams - Run to You; Bruce Springsteen - Born to Run; David Bowie - Let's Dance; David Bowie - Rebel Rebel; Elton John - Rocket Man; Elton John - I'm Still Standing; Billy Joel - We Didn't Start the Fire; Prince - Purple Rain; Michael Jackson - Beat It; The Police - Every Breath You Take; R.E.M. - Losing My Religion; R.E.M. - Man on the Moon; Red Hot Chili Peppers - Californication; Red Hot Chili Peppers - Under the Bridge; Red Hot Chili Peppers - Give It Away; The White Stripes - Seven Nation Army; The Black Keys - Lonely Boy; Lenny Kravitz - Are You Gonna Go My Way; Bob Marley - Is This Love; Bob Marley - Three Little Birds"
Ciska,Zang,"The Beatles - Hey Jude; The Beatles - Let It Be; The Beatles - Come Together; The Beatles - Twist and Shout; The Beatles - Get Back; The Beatles - Something; The Rolling Stones - (I Can't Get No) Satisfaction; The Rolling Stones - Paint It Black; The Rolling Stones - Brown Sugar; The Rolling Stones - Start Me Up; The Kinks - You Really Got Me; The Kinks - Lola; The Beach Boys - Surfin' U.S.A.; CCR - Proud Mary; CCR - Bad Moon Rising; CCR - Fortunate Son; CCR - Have You Ever Seen the Rain; CCR - Born on the Bayou; Lynyrd Skynyrd - Free Bird; ZZ Top - La Grange; ZZ Top - Sharp Dressed Man; Eagles - Lyin' Eyes; Eagles - Desperado; Fleetwood Mac - Go Your Own Way; Fleetwood Mac - Dreams; Fleetwood Mac - The Chain; Fleetwood Mac - Don't Stop; Tom Petty - American Girl; Tom Petty - Into the Great Wide Open; Doobie Brothers - Long Train Runnin'; Doobie Brothers - Listen to the Music; Elvis Presley - Jailhouse Rock; Elvis Presley - Hound Dog; Elvis Presley - Blue Suede Shoes; Elvis Presley - Can't Help Falling in Love; Johnny Cash - Folsom Prison Blues; Aretha Franklin - (You Make Me Feel Like) A Natural Woman; Tina Turner - Proud Mary; Tina Turner - What's Love Got to Do with It; Tina Turner - The Best; Stevie Wonder - Signed, Sealed, Delivered; Stevie Wonder - Isn't She Lovely; Marvin Gaye - I Heard It Through the Grapevine; Otis Redding - Hard to Handle; Bill Withers - Ain't No Sunshine; Bill Withers - Lovely Day; James Brown - I Got You (I Feel Good); James Brown - Papa's Got a Brand New Bag; Jackson 5 - I Want You Back; Jackson 5 - ABC; Chic - Le Freak; The Pointer Sisters - I'm So Excited; Janis Joplin - Piece of My Heart; Janis Joplin - Me and Bobby McGee; Blondie - Call Me; Blondie - Heart of Glass; Amy Winehouse - Rehab; Amy Winehouse - Back to Black; Alanis Morissette - Ironic; Cyndi Lauper - Time After Time; Madonna - Like a Prayer; Adele - Set Fire to the Rain; Cher - Believe; Joan Jett & The Blackhearts - I Love Rock 'n Roll; The Pretenders - Brass in Pocket; No Doubt - Just A Girl; Dolly Parton - Jolene; Queen - We Will Rock You; Queen - Another One Bites the Dust; Queen - Don't Stop Me Now; Led Zeppelin - Rock and Roll; Led Zeppelin - Immigrant Song; AC/DC - Highway to Hell; AC/DC - Back in Black; AC/DC - You Shook Me All Night Long; Guns N' Roses - Sweet Child O' Mine; Guns N' Roses - Paradise City; Deep Purple - Smoke on the Water; Eric Clapton - Layla; Eric Clapton - Wonderful Tonight; Eric Clapton - Cocaine; Bryan Adams - Summer of '69; Bryan Adams - Run to You; Bruce Springsteen - Born to Run; David Bowie - Let's Dance; David Bowie - Rebel Rebel; Elton John - Rocket Man; Elton John - I'm Still Standing; Billy Joel - We Didn't Start the Fire; Prince - Purple Rain; Michael Jackson - Beat It; The Police - Every Breath You Take; R.E.M. - Losing My Religion; R.E.M. - Man on the Moon; Red Hot Chili Peppers - Californication; Red Hot Chili Peppers - Under the Bridge; Red Hot Chili Peppers - Give It Away; The White Stripes - Seven Nation Army; The Black Keys - Lonely Boy; Lenny Kravitz - Are You Gonna Go My Way; Bob Marley - Is This Love; Bob Marley - Three Little Birds"
Fabio,Gitaar,"The Beatles - Hey Jude; The Beatles - Let It Be; The Beatles - Come Together; The Beatles - Twist and Shout; The Beatles - Get Back; The Beatles - Something; The Rolling Stones - (I Can't Get No) Satisfaction; The Rolling Stones - Paint It Black; The Rolling Stones - Brown Sugar; The Rolling Stones - Start Me Up; The Kinks - You Really Got Me; The Kinks - Lola; The Beach Boys - Surfin' U.S.A.; CCR - Proud Mary; CCR - Bad Moon Rising; CCR - Fortunate Son; CCR - Have You Ever Seen the Rain; CCR - Born on the Bayou; Lynyrd Skynyrd - Free Bird; ZZ Top - La Grange; ZZ Top - Sharp Dressed Man; Eagles - Lyin' Eyes; Eagles - Desperado; Fleetwood Mac - Go Your Own Way; Fleetwood Mac - Dreams; Fleetwood Mac - The Chain; Fleetwood Mac - Don't Stop; Tom Petty - American Girl; Tom Petty - Into the Great Wide Open; Doobie Brothers - Long Train Runnin'; Doobie Brothers - Listen to the Music; Elvis Presley - Jailhouse Rock; Elvis Presley - Hound Dog; Elvis Presley - Blue Suede Shoes; Elvis Presley - Can't Help Falling in Love; Johnny Cash - Folsom Prison Blues; Aretha Franklin - (You Make Me Feel Like) A Natural Woman; Tina Turner - Proud Mary; Tina Turner - What's Love Got to Do with It; Tina Turner - The Best; Stevie Wonder - Signed, Sealed, Delivered; Stevie Wonder - Isn't She Lovely; Marvin Gaye - I Heard It Through the Grapevine; Otis Redding - Hard to Handle; Bill Withers - Ain't No Sunshine; Bill Withers - Lovely Day; James Brown - I Got You (I Feel Good); James Brown - Papa's Got a Brand New Bag; Jackson 5 - I Want You Back; Jackson 5 - ABC; Chic - Le Freak; The Pointer Sisters - I'm So Excited; Janis Joplin - Piece of My Heart; Janis Joplin - Me and Bobby McGee; Blondie - Call Me; Blondie - Heart of Glass; Amy Winehouse - Rehab; Amy Winehouse - Back to Black; Alanis Morissette - Ironic; Cyndi Lauper - Time After Time; Madonna - Like a Prayer; Adele - Set Fire to the Rain; Cher - Believe; Joan Jett & The Blackhearts - I Love Rock 'n Roll; The Pretenders - Brass in Pocket; No Doubt - Just A Girl; Dolly Parton - Jolene; Queen - We Will Rock You; Queen - Another One Bites the Dust; Queen - Don't Stop Me Now; Led Zeppelin - Rock and Roll; Led Zeppelin - Immigrant Song; AC/DC - Highway to Hell; AC/DC - Back in Black; AC/DC - You Shook Me All Night Long; Guns N' Roses - Sweet Child O' Mine; Guns N' Roses - Paradise City; Deep Purple - Smoke on the Water; Eric Clapton - Layla; Eric Clapton - Wonderful Tonight; Eric Clapton - Cocaine; Bryan Adams - Summer of '69; Bryan Adams - Run to You; Bruce Springsteen - Born to Run; David Bowie - Let's Dance; David Bowie - Rebel Rebel; Elton John - Rocket Man; Elton John - I'm Still Standing; Billy Joel - We Didn't Start the Fire; Prince - Purple Rain; Michael Jackson - Beat It; The Police - Every Breath You Take; R.E.M. - Losing My Religion; R.E.M. - Man on the Moon; Red Hot Chili Peppers - Californication; Red Hot Chili Peppers - Under the Bridge; Red Hot Chili Peppers - Give It Away; The White Stripes - Seven Nation Army; The Black Keys - Lonely Boy; Lenny Kravitz - Are You Gonna Go My Way; Bob Marley - Is This Love; Bob Marley - Three Little Birds"
Merel,Keyboard,"The Beatles - Hey Jude; The Beatles - Let It Be; The Beatles - Come Together; The Beatles - Twist and Shout; The Beatles - Get Back; The Beatles - Something; The Rolling Stones - (I Can't Get No) Satisfaction; The Rolling Stones - Paint It Black; The Rolling Stones - Brown Sugar; The Rolling Stones - Start Me Up; The Kinks - You Really Got Me; The Kinks - Lola; The Beach Boys - Surfin' U.S.A.; CCR - Proud Mary; CCR - Bad Moon Rising; CCR - Fortunate Son; CCR - Have You Ever Seen the Rain; CCR - Born on the Bayou; Lynyrd Skynyrd - Free Bird; ZZ Top - La Grange; ZZ Top - Sharp Dressed Man; Eagles - Lyin' Eyes; Eagles - Desperado; Fleetwood Mac - Go Your Own Way; Fleetwood Mac - Dreams; Fleetwood Mac - The Chain; Fleetwood Mac - Don't Stop; Tom Petty - American Girl; Tom Petty - Into the Great Wide Open; Doobie Brothers - Long Train Runnin'; Doobie Brothers - Listen to the Music; Elvis Presley - Jailhouse Rock; Elvis Presley - Hound Dog; Elvis Presley - Blue Suede Shoes; Elvis Presley - Can't Help Falling in Love; Johnny Cash - Folsom Prison Blues; Aretha Franklin - (You Make Me Feel Like) A Natural Woman; Tina Turner - Proud Mary; Tina Turner - What's Love Got to Do with It; Tina Turner - The Best; Stevie Wonder - Signed, Sealed, Delivered; Stevie Wonder - Isn't She Lovely; Marvin Gaye - I Heard It Through the Grapevine; Otis Redding - Hard to Handle; Bill Withers - Ain't No Sunshine; Bill Withers - Lovely Day; James Brown - I Got You (I Feel Good); James Brown - Papa's Got a Brand New Bag; Jackson 5 - I Want You Back; Jackson 5 - ABC; Chic - Le Freak; The Pointer Sisters - I'm So Excited; Janis Joplin - Piece of My Heart; Janis Joplin - Me and Bobby McGee; Blondie - Call Me; Blondie - Heart of Glass; Amy Winehouse - Rehab; Amy Winehouse - Back to Black; Alanis Morissette - Ironic; Cyndi Lauper - Time After Time; Madonna - Like a Prayer; Adele - Set Fire to the Rain; Cher - Believe; Joan Jett & The Blackhearts - I Love Rock 'n Roll; The Pretenders - Brass in Pocket; No Doubt - Just A Girl; Dolly Parton - Jolene; Queen - We Will Rock You; Queen - Another One Bites the Dust; Queen - Don't Stop Me Now; Led Zeppelin - Rock and Roll; Led Zeppelin - Immigrant Song; AC/DC - Highway to Hell; AC/DC - Back in Black; AC/DC - You Shook Me All Night Long; Guns N' Roses - Sweet Child O' Mine; Guns N' Roses - Paradise City; Deep Purple - Smoke on the Water; Eric Clapton - Layla; Eric Clapton - Wonderful Tonight; Eric Clapton - Cocaine; Bryan Adams - Summer of '69; Bryan Adams - Run to You; Bruce Springsteen - Born to Run; David Bowie - Let's Dance; David Bowie - Rebel Rebel; Elton John - Rocket Man; Elton John - I'm Still Standing; Billy Joel - We Didn't Start the Fire; Prince - Purple Rain; Michael Jackson - Beat It; The Police - Every Breath You Take; R.E.M. - Losing My Religion; R.E.M. - Man on the Moon; Red Hot Chili Peppers - Californication; Red Hot Chili Peppers - Under the Bridge; Red Hot Chili Peppers - Give It Away; The White Stripes - Seven Nation Army; The Black Keys - Lonely Boy; Lenny Kravitz - Are You Gonna Go My Way; Bob Marley - Is This Love; Bob Marley - Three Little Birds"
Ries,Drumstel,"The Beatles - Hey Jude; The Beatles - Let It Be; The Beatles - Come Together; The Beatles - Twist and Shout; The Beatles - Get Back; The Beatles - Something; The Rolling Stones - (I Can't Get No) Satisfaction; The Rolling Stones - Paint It Black; The Rolling Stones - Brown Sugar; The Rolling Stones - Start Me Up; The Kinks - You Really Got Me; The Kinks - Lola; The Beach Boys - Surfin' U.S.A.; CCR - Proud Mary; CCR - Bad Moon Rising; CCR - Fortunate Son; CCR - Have You Ever Seen the Rain; CCR - Born on the Bayou; Lynyrd Skynyrd - Free Bird; ZZ Top - La Grange; ZZ Top - Sharp Dressed Man; Eagles - Lyin' Eyes; Eagles - Desperado; Fleetwood Mac - Go Your Own Way; Fleetwood Mac - Dreams; Fleetwood Mac - The Chain; Fleetwood Mac - Don't Stop; Tom Petty - American Girl; Tom Petty - Into the Great Wide Open; Doobie Brothers - Long Train Runnin'; Doobie Brothers - Listen to the Music; Elvis Presley - Jailhouse Rock; Elvis Presley - Hound Dog; Elvis Presley - Blue Suede Shoes; Elvis Presley - Can't Help Falling in Love; Johnny Cash - Folsom Prison Blues; Aretha Franklin - (You Make Me Feel Like) A Natural Woman; Tina Turner - Proud Mary; Tina Turner - What's Love Got to Do with It; Tina Turner - The Best; Stevie Wonder - Signed, Sealed, Delivered; Stevie Wonder - Isn't She Lovely; Marvin Gaye - I Heard It Through the Grapevine; Otis Redding - Hard to Handle; Bill Withers - Ain't No Sunshine; Bill Withers - Lovely Day; James Brown - I Got You (I Feel Good); James Brown - Papa's Got a Brand New Bag; Jackson 5 - I Want You Back; Jackson 5 - ABC; Chic - Le Freak; The Pointer Sisters - I'm So Excited; Janis Joplin - Piece of My Heart; Janis Joplin - Me and Bobby McGee; Blondie - Call Me; Blondie - Heart of Glass; Amy Winehouse - Rehab; Amy Winehouse - Back to Black; Alanis Morissette - Ironic; Cyndi Lauper - Time After Time; Madonna - Like a Prayer; Adele - Set Fire to the Rain; Cher - Believe; Joan Jett & The Blackhearts - I Love Rock 'n Roll; The Pretenders - Brass in Pocket; No Doubt - Just A Girl; Dolly Parton - Jolene; Queen - We Will Rock You; Queen - Another One Bites the Dust; Queen - Don't Stop Me Now; Led Zeppelin - Rock and Roll; Led Zeppelin - Immigrant Song; AC/DC - Highway to Hell; AC/DC - Back in Black; AC/DC - You Shook Me All Night Long; Guns N' Roses - Sweet Child O' Mine; Guns N' Roses - Paradise City; Deep Purple - Smoke on the Water; Eric Clapton - Layla; Eric Clapton - Wonderful Tonight; Eric Clapton - Cocaine; Bryan Adams - Summer of '69; Bryan Adams - Run to You; Bruce Springsteen - Born to Run; David Bowie - Let's Dance; David Bowie - Rebel Rebel; Elton John - Rocket Man; Elton John - I'm Still Standing; Billy Joel - We Didn't Start the Fire; Prince - Purple Rain; Michael Jackson - Beat It; The Police - Every Breath You Take; R.E.M. - Losing My Religion; R.E.M. - Man on the Moon; Red Hot Chili Peppers - Californication; Red Hot Chili Peppers - Under the Bridge; Red Hot Chili Peppers - Give It Away; The White Stripes - Seven Nation Army; The Black Keys - Lonely Boy; Lenny Kravitz - Are You Gonna Go My Way; Bob Marley - Is This Love; Bob Marley - Three Little Birds"
